<?xml version="1.0" encoding="UTF-8"?>
<project-private xmlns="http://www.netbeans.org/ns/project-private/1">
    <editor-bookmarks xmlns="http://www.netbeans.org/ns/editor-bookmarks/2" lastBookmarkId="0"/>
    <open-files xmlns="http://www.netbeans.org/ns/projectui-open-files/2">
        <group>
            <file>file:/C:/Users/MSI/OneDrive/เดสก์ท็อป/UserSide/Library_Manangement/src/UserSide.java</file>
            <file>file:/C:/Users/MSI/OneDrive/เดสก์ท็อป/UserSide/Library_Manangement/src/HomePageAdmin.java</file>
            <file>file:/C:/Users/MSI/OneDrive/เดสก์ท็อป/UserSide/Library_Manangement/src/Registor.java</file>
            <file>file:/C:/Users/MSI/OneDrive/เดสก์ท็อป/UserSide/Library_Manangement/src/Logout.java</file>
        </group>
    </open-files>
</project-private>
